Workbook

Sheet Raw_Data
A1: Employee-ID | B1: Department | C1: Job_Role | D1: Gender | E1: Age | F1: Monthly-Salary | G1: Months-Worked | H1: Training Cost | I1: Job-Satisfaction | J1: Performance-Rating | K1: Overtime | L1: Attrition | M1: Attrition-Reason | N1: Total-Loss
A2: EMP001 | B2: IT | C2: Data Analyst | D2: Female | E2: 24 | F2: 45000 | G2: 18 | H2: 30000 | I2: 4 | J2: 4 | K2: No | L2: No | M2: - | N2: =F2*G2+H2 -> 840000
A3: EMP002 | B3: HR | C3: HR Executive | D3: Female | E3: 26 | F3: 38000 | G3: 12 | H3: 25000 | I3: 3 | J3: 3 | K3: Yes | L3: Yes | M3: Work load | N3: =F3*G3+H3 -> 481000
A4: EMP003 | B4: Finance | C4: Financial Analyst | D4: Male | E4: 29 | F4: 62000 | G4: 36 | H4: 40000 | I4: 5 | J4: 5 | K4: No | L4: No | M4: - | N4: =F4*G4+H4 -> 2272000
A5: EMP004 | B5: Sales | C5: Sales Executive | D5: Male | E5: 25 | F5: 35000 | G5: 8 | H5: 20000 | I5: 2 | J5: 3 | K5: Yes | L5: Yes | M5: Low Satisfaction | N5: =F5*G5+H5 -> 300000
A6: EMP005 | B6: IT | C6: Software Developer | D6: Male | E6: 31 | F6: 75000 | G6: 48 | H6: 50000 | I6: 4 | J6: 4 | K6: No | L6: No | M6: - | N6: =F6*G6+H6 -> 3650000
A7: EMP006 | B7: HR | C7: Recruiter | D7: Female | E7: 27 | F7: 42000 | G7: 15 | H7: 28000 | I7: 3 | J7: 3 | K7: No | L7: Yes | M7: Career Growth | N7: =F7*G7+H7 -> 658000
A8: EMP007 | B8: Marketing | C8: Marketing Executive | D8: Female | E8: 23 | F8: 36000 | G8: 10 | H8: 22000 | I8: 2 | J8: 3 | K8: Yes | L8: Yes | M8: Work load | N8: =F8*G8+H8 -> 382000
A9: EMP008 | B9: Operations | C9: Operations Executive | D9: Male | E9: 30 | F9: 48000 | G9: 30 | H9: 35000 | I9: 4 | J9: 4 | K9: No | L9: No | M9: - | N9: =F9*G9+H9 -> 1475000
A10: EMP009 | B10: IT | C10: Data Analyst | D10: Female | E10: 28 | F10: 55000 | G10: 24 | H10: 32000 | I10: 3 | J10: 4 | K10: Yes | L10: No | M10: - | N10: =F10*G10+H10 -> 1352000
A11: EMP010 | B11: Finance | C11: Accountant | D11: Female | E11: 32 | F11: 52000 | G11: 60 | H11: 45000 | I11: 5 | J11: 5 | K11: No | L11: No | M11: - | N11: =F11*G11+H11 -> 3165000
A12: EMP011 | B12: Sales | C12: Sales Manager | D12: Male | E12: 35 | F12: 68000 | G12: 72 | H12: 55000 | I12: 4 | J12: 4 | K12: No | L12: No | M12: - | N12: =F12*G12+H12 -> 4951000
A13: EMP012 | B13: HR | C13: HR Executive | D13: Male | E13: 24 | F13: 40000 | G13: 9 | H13: 24000 | I13: 2 | J13: 2 | K13: Yes | L13: Yes | M13: Low Satisfaction | N13: =F13*G13+H13 -> 384000
... A16: EMP015 | B16: Operations | C16: Operations manager | D16: Female | E16: 38 | F16: 72000 | G16: 84 | H16: 60000 | I16: 5 | J16: 5 | K16: No | L16: No | M16: - | N16: =F16*G16+H16 -> 6108000

Sheet Analysis
A1: Metric | B1: Value
A2: Total Employees | B2: =COUNTA(Raw_Data!A2:A16) -> 15
A3: Total Attrition | B3: =COUNTIF(Raw_Data!L2:L16,"Yes") -> 6
A4: Attrition Rate | B4: =B3/B2 -> 0.4
A5: Average Monthly Salary | B5: =AVERAGE(Raw_Data!F2:F16) -> 53066.667
A6: Total Training Cost | B6: =SUM(Raw_Data!H2:H16) -> 544000
A7: Total Loss | B7: =SUM(Raw_Data!N2:N16) -> 30602000

Sheet Department_Analysis
A1: Department | B1: Employees | C1: Attrition | D1: Attrition_Rate
A2: IT | B2: =COUNTIF(Raw_Data!B2:B16,A2) -> 4 | C2: =COUNTIFS(Raw_Data!B2:B16,A2,Raw_Data!L2:L16,"Yes") -> 1 | D2: =C2/B2 -> 0.25
A3: HR | B3: =COUNTIF(Raw_Data!B3:B17,A3) -> 3 | C3: =COUNTIFS(Raw_Data!B2:B16,A3,Raw_Data!L2:L16,"Yes") -> 3 | D3: =C3/B3 -> 1
A4: Finance | B4: =COUNTIF(Raw_Data!B4:B18,A4) -> 2 | C4: =COUNTIFS(Raw_Data!B2:B16,A4,Raw_Data!L2:L16,"Yes") -> 0 | D4: =C4/B4 -> 0
A5: Sales | B5: =COUNTIF(Raw_Data!B5:B19,A5) -> 2 | C5: =COUNTIFS(Raw_Data!B2:B16,A5,Raw_Data!L2:L16,"Yes") -> 1 | D5: =C5/B5 -> 0.5
A6: Marketing | B6: =COUNTIF(Raw_Data!B6:B20,A6) -> 2 | C6: =COUNTIFS(Raw_Data!B2:B16,A6,Raw_Data!L2:L16,"Yes") -> 1 | D6: =C6/B6 -> 0.5
A7: Operations | B7: =COUNTIF(Raw_Data!B7:B21,A7) -> 2 | C7: =COUNTIFS(Raw_Data!B2:B16,A7,Raw_Data!L2:L16,"Yes") -> 0 | D7: =C7/B7 -> 0
A8: Total | B8: =SUM(B2:B7) -> 15 | C8: =SUM(C2:C7) -> 6 | D8: =C8/B8 -> 0.4

Sheet Attrition_ Reason
A1: Attrition Reason | B1: Employees
A2: Work Load | B2: =COUNTIF(Raw_Data!M:M,"Work Load") -> 2
A3: Low Satisfaction | B3: =COUNTIF(Raw_Data!M:M,"Low Satisfaction") -> 2
A4: Career Growth | B4: =COUNTIF(Raw_Data!M:M,"Career Growth") -> 1
A5: Better Opportunity | B5: =COUNTIF(Raw_Data!M:M,"Better Opportunity") -> 1

Sheet Overtime_ Analysis
A1: Overtime | B1: Employees | C1: Attrition | D1: Attrition Rate
A2: No | B2: =COUNTIF(Raw_Data!K:K,A2) -> 10 | C2: {=SUMPRODUCT((Raw_Data!K2:K16=A2)*(Raw_Data!L2:L16="Yes"))} -> 2 | D2: =C2/B2 -> 0.2
A3: Yes | B3: =COUNTIF(Raw_Data!K:K,A3) -> 5 | C3: {=SUMPRODUCT((Raw_Data!K2:K16=A3)*(Raw_Data!L2:L16="Yes"))} -> 4 | D3: =C3/B3 -> 0.8

Sheet Salary_Analysis
A1: Salary Metric | B1: Value
A2: Average Monthly Salary | B2: =AVERAGE(Raw_Data!F2:F16) -> 53066.667
A3: Minimum Salary | B3: =MIN(Raw_Data!F2:F16) -> 35000
A4: Maximum Salary | B4: =MAX(Raw_Data!F2:F16) -> 75000
A5: Average Monthly Salary- Attrition | B5: {=SUMPRODUCT((Raw_Data!L2:L16="Yes")*Raw_Data!F2:F16)/SUMPRODUCT(--(Raw_Data!L2:L16="Yes"))} -> 43500
A6: Average Monthly Salary- No Attrition | B6: {=SUMPRODUCT((Raw_Data!L2:L16="No")*Raw_Data!F2:F16)/SUMPRODUCT(--(Raw_Data!L2:L16="No"))} -> 59444.444
